id,vehicleId,vehicleName,latitude,longitude,speed,heading,status,timestamp,fuelLevel,engineStatus,roadCondition,trafficCondition,routeName
1,veh-0001,Vehicle_0001,37.5727157,126.9784059,40.0,270.39,NORMAL,2025-01-15 08:01:00,91.26,RUNNING,intersection,normal,운현궁
2,veh-0001,Vehicle_0001,37.5727164,126.9782728,40.0,270.39,NORMAL,2025-01-15 08:01:01,91.21,RUNNING,intersection,normal,운현궁
3,veh-0001,Vehicle_0001,37.5727171,126.9781396,40.0,270.39,NORMAL,2025-01-15 08:01:02,91.16,RUNNING,intersection,normal,운현궁
4,veh-0001,Vehicle_0001,37.5727178,126.9780064,40.0,270.39,NORMAL,2025-01-15 08:01:03,91.11,RUNNING,intersection,normal,운현궁
5,veh-0001,Vehicle_0001,37.5727186,126.9778733,40.0,270.39,NORMAL,2025-01-15 08:01:04,91.06,RUNNING,intersection,normal,운현궁
6,veh-0001,Vehicle_0001,37.5727193,126.9777402,40.0,270.39,NORMAL,2025-01-15 08:01:05,91.01,RUNNING,intersection,normal,운현궁
7,veh-0001,Vehicle_0001,37.57272,126.977607,40.0,270.39,NORMAL,2025-01-15 08:01:06,90.96,RUNNING,intersection,normal,운현궁
8,veh-0001,Vehicle_0001,37.5727207,126.9774738,40.0,270.39,NORMAL,2025-01-15 08:01:07,90.91,RUNNING,intersection,normal,운현궁
9,veh-0001,Vehicle_0001,37.5727214,126.9773407,40.0,270.44,NORMAL,2025-01-15 08:01:08,90.86,RUNNING,normal,heavy,운현궁
10,veh-0001,Vehicle_0001,37.5727218,126.9772744,42.63,358.17,NORMAL,2025-01-15 08:01:09,90.81,RUNNING,curve,normal,운현궁
11,veh-0001,Vehicle_0001,37.5728563,126.977269,42.63,358.17,NORMAL,2025-01-15 08:01:10,90.76,RUNNING,curve,normal,운현궁
12,veh-0001,Vehicle_0001,37.5729908,126.9772635,42.63,358.17,NORMAL,2025-01-15 08:01:11,90.71,RUNNING,curve,normal,운현궁
13,veh-0001,Vehicle_0001,37.5731253,126.9772581,45.26,358.17,NORMAL,2025-01-15 08:01:12,90.65,RUNNING,normal,normal,운현궁
14,veh-0001,Vehicle_0001,37.5732498,126.9772531,45.26,358.17,NORMAL,2025-01-15 08:01:13,90.6,RUNNING,normal,normal,운현궁
15,veh-0001,Vehicle_0001,37.5733743,126.977248,45.26,358.17,NORMAL,2025-01-15 08:01:14,90.54,RUNNING,normal,normal,운현궁
16,veh-0001,Vehicle_0001,37.5734988,126.977243,45.26,358.17,NORMAL,2025-01-15 08:01:15,90.49,RUNNING,normal,normal,운현궁
17,veh-0001,Vehicle_0001,37.5736232,126.977238,45.26,358.17,NORMAL,2025-01-15 08:01:16,90.43,RUNNING,normal,normal,운현궁
18,veh-0001,Vehicle_0001,37.5737477,126.977233,45.26,358.17,NORMAL,2025-01-15 08:01:17,90.37,RUNNING,normal,normal,운현궁
19,veh-0001,Vehicle_0001,37.5738722,126.977228,45.26,358.17,NORMAL,2025-01-15 08:01:18,90.32,RUNNING,normal,normal,운현궁
20,veh-0001,Vehicle_0001,37.5739967,126.9772229,45.26,358.17,NORMAL,2025-01-15 08:01:19,90.26,RUNNING,normal,normal,운현궁
21,veh-0001,Vehicle_0001,37.5741212,126.9772179,42.28,358.16,NORMAL,2025-01-15 08:01:20,90.21,RUNNING,normal,normal,운현궁
22,veh-0001,Vehicle_0001,37.5742296,126.9772135,42.28,358.16,NORMAL,2025-01-15 08:01:21,90.16,RUNNING,normal,normal,운현궁
23,veh-0001,Vehicle_0001,37.5743379,126.9772091,42.28,358.16,NORMAL,2025-01-15 08:01:22,90.11,RUNNING,normal,normal,운현궁
24,veh-0001,Vehicle_0001,37.5744463,126.9772047,44.91,358.17,NORMAL,2025-01-15 08:01:23,90.05,RUNNING,normal,normal,운현궁
25,veh-0001,Vehicle_0001,37.5745697,126.9771997,44.91,358.17,NORMAL,2025-01-15 08:01:24,90.0,RUNNING,normal,normal,운현궁
26,veh-0001,Vehicle_0001,37.5746932,126.9771947,44.91,358.17,NORMAL,2025-01-15 08:01:25,89.94,RUNNING,normal,normal,운현궁
27,veh-0001,Vehicle_0001,37.5748166,126.9771898,44.91,358.17,NORMAL,2025-01-15 08:01:26,89.89,RUNNING,normal,normal,운현궁
28,veh-0001,Vehicle_0001,37.5749401,126.9771848,44.91,358.17,NORMAL,2025-01-15 08:01:27,89.83,RUNNING,normal,normal,운현궁
29,veh-0001,Vehicle_0001,37.5750635,126.9771798,47.54,358.19,NORMAL,2025-01-15 08:01:28,89.78,RUNNING,normal,heavy,운현궁
30,veh-0001,Vehicle_0001,37.5751137,126.9771778,46.43,359.28,NORMAL,2025-01-15 08:01:29,89.72,RUNNING,normal,heavy,운현궁
31,veh-0001,Vehicle_0001,37.5751898,126.9771766,43.45,357.46,NORMAL,2025-01-15 08:01:30,89.67,RUNNING,normal,normal,운현궁
32,veh-0001,Vehicle_0001,37.575281,126.9771715,46.08,254.61,NORMAL,2025-01-15 08:01:31,89.61,RUNNING,curve,normal,운현궁
33,veh-0001,Vehicle_0001,37.575257,126.9770615,47.46,263.84,NORMAL,2025-01-15 08:01:32,89.55,RUNNING,normal,heavy,운현궁
34,veh-0001,Vehicle_0001,37.5752447,126.9769176,50.09,274.86,FAST,2025-01-15 08:01:33,89.49,RUNNING,gentle_curve,normal,운현궁
35,veh-0001,Vehicle_0001,37.5752536,126.9767856,52.72,277.82,FAST,2025-01-15 08:01:34,89.43,RUNNING,normal,normal,운현궁
36,veh-0001,Vehicle_0001,37.5752558,126.9767654,49.74,277.64,NORMAL,2025-01-15 08:01:35,89.37,RUNNING,normal,heavy,운현궁
37,veh-0001,Vehicle_0001,37.5752665,126.9766648,46.75,285.77,NORMAL,2025-01-15 08:01:36,89.31,RUNNING,normal,normal,운현궁
38,veh-0001,Vehicle_0001,37.5752921,126.9765504,49.38,293.82,NORMAL,2025-01-15 08:01:37,89.25,RUNNING,normal,normal,운현궁
39,veh-0001,Vehicle_0001,37.5753303,126.9764412,52.01,301.26,FAST,2025-01-15 08:01:38,89.19,RUNNING,normal,normal,운현궁
40,veh-0001,Vehicle_0001,37.5753812,126.9763354,54.64,305.47,FAST,2025-01-15 08:01:39,89.13,RUNNING,normal,normal,운현궁
41,veh-0001,Vehicle_0001,37.5754436,126.9762249,51.66,308.19,FAST,2025-01-15 08:01:40,89.06,RUNNING,normal,heavy,운현궁
42,veh-0001,Vehicle_0001,37.5755143,126.9761115,54.29,303.86,FAST,2025-01-15 08:01:41,89.0,RUNNING,normal,normal,운현궁
43,veh-0001,Vehicle_0001,37.5755828,126.9759827,56.92,302.13,FAST,2025-01-15 08:01:42,88.93,RUNNING,normal,normal,운현궁
44,veh-0001,Vehicle_0001,37.5756287,126.9758905,53.94,296.44,FAST,2025-01-15 08:01:43,88.87,RUNNING,normal,normal,운현궁
45,veh-0001,Vehicle_0001,37.5756635,126.9758022,56.57,292.77,FAST,2025-01-15 08:01:44,88.8,RUNNING,normal,normal,운현궁
46,veh-0001,Vehicle_0001,37.5756997,126.9756934,53.58,289.65,FAST,2025-01-15 08:01:45,88.74,RUNNING,normal,normal,운현궁
47,veh-0001,Vehicle_0001,37.5757254,126.9756026,52.15,284.44,FAST,2025-01-15 08:01:46,88.68,RUNNING,normal,normal,운현궁
48,veh-0001,Vehicle_0001,37.5757526,126.9754693,54.78,277.58,FAST,2025-01-15 08:01:47,88.61,RUNNING,normal,normal,운현궁
49,veh-0001,Vehicle_0001,37.5757666,126.9753366,51.8,272.76,FAST,2025-01-15 08:01:48,88.55,RUNNING,normal,heavy,운현궁
50,veh-0001,Vehicle_0001,37.5757734,126.9751596,51.8,272.76,FAST,2025-01-15 08:01:49,88.49,RUNNING,normal,heavy,운현궁
51,veh-0001,Vehicle_0001,37.5757801,126.9749826,51.8,272.76,FAST,2025-01-15 08:01:50,88.43,RUNNING,normal,heavy,운현궁
52,veh-0001,Vehicle_0001,37.5757869,126.9748056,51.8,272.76,FAST,2025-01-15 08:01:51,88.37,RUNNING,normal,heavy,운현궁
53,veh-0001,Vehicle_0001,37.5757937,126.9746286,51.8,272.76,FAST,2025-01-15 08:01:52,88.3,RUNNING,normal,heavy,운현궁
54,veh-0001,Vehicle_0001,37.5758004,126.9744516,51.8,272.76,FAST,2025-01-15 08:01:53,88.24,RUNNING,normal,heavy,운현궁
55,veh-0001,Vehicle_0001,37.5758072,126.9742746,48.81,271.85,NORMAL,2025-01-15 08:01:54,88.18,RUNNING,normal,heavy,운현궁
56,veh-0001,Vehicle_0001,37.5758116,126.974105,48.81,271.85,NORMAL,2025-01-15 08:01:55,88.12,RUNNING,normal,heavy,운현궁
57,veh-0001,Vehicle_0001,37.5758159,126.9739353,45.83,270.75,NORMAL,2025-01-15 08:01:56,88.07,RUNNING,normal,heavy,운현궁
58,veh-0001,Vehicle_0001,37.575817,126.9738298,42.84,274.22,NORMAL,2025-01-15 08:01:57,88.02,RUNNING,normal,heavy,운현궁
59,veh-0001,Vehicle_0001,37.5758273,126.9736546,42.84,274.22,NORMAL,2025-01-15 08:01:58,87.96,RUNNING,normal,heavy,운현궁
60,veh-0001,Vehicle_0001,37.5758375,126.9734794,40.0,274.34,NORMAL,2025-01-15 08:01:59,87.91,RUNNING,normal,heavy,운현궁
61,veh-0001,Vehicle_0001,37.5758393,126.9734495,42.63,279.25,NORMAL,2025-01-15 08:02:00,87.86,RUNNING,normal,normal,운현궁
62,veh-0001,Vehicle_0001,37.5758606,126.9732848,42.63,279.25,NORMAL,2025-01-15 08:02:01,87.81,RUNNING,normal,normal,운현궁
63,veh-0001,Vehicle_0001,37.5758818,126.9731201,45.26,280.28,NORMAL,2025-01-15 08:02:02,87.75,RUNNING,normal,normal,운현궁
64,veh-0001,Vehicle_0001,37.5759014,126.9729838,46.79,279.12,NORMAL,2025-01-15 08:02:03,87.7,RUNNING,normal,heavy,운현궁
65,veh-0001,Vehicle_0001,37.5759121,126.9728997,49.42,279.09,NORMAL,2025-01-15 08:02:04,87.64,RUNNING,normal,normal,운현궁
66,veh-0001,Vehicle_0001,37.5759481,126.9726159,49.47,280.89,NORMAL,2025-01-15 08:02:05,87.58,RUNNING,normal,heavy,운현궁
67,veh-0001,Vehicle_0001,37.5759677,126.9724874,46.49,280.92,NORMAL,2025-01-15 08:02:06,87.52,RUNNING,normal,normal,운현궁
68,veh-0001,Vehicle_0001,37.575977,126.9724266,49.12,283.65,NORMAL,2025-01-15 08:02:07,87.46,RUNNING,normal,normal,운현궁
69,veh-0001,Vehicle_0001,37.5759811,126.9724053,47.28,280.6,NORMAL,2025-01-15 08:02:08,87.4,RUNNING,normal,normal,운현궁
70,veh-0001,Vehicle_0001,37.5760058,126.9722391,47.28,280.6,NORMAL,2025-01-15 08:02:09,87.35,RUNNING,normal,normal,운현궁
71,veh-0001,Vehicle_0001,37.5760304,126.9720729,49.75,278.29,NORMAL,2025-01-15 08:02:10,87.29,RUNNING,normal,normal,운현궁
72,veh-0001,Vehicle_0001,37.5760407,126.9719837,46.77,276.72,NORMAL,2025-01-15 08:02:11,87.23,RUNNING,normal,heavy,운현궁
73,veh-0001,Vehicle_0001,37.5760538,126.9718434,49.4,273.93,NORMAL,2025-01-15 08:02:12,87.17,RUNNING,normal,normal,운현궁
74,veh-0001,Vehicle_0001,37.5760621,126.9716908,49.65,271.12,NORMAL,2025-01-15 08:02:13,87.11,RUNNING,normal,normal,운현궁
75,veh-0001,Vehicle_0001,37.5760647,126.9715223,46.66,271.12,NORMAL,2025-01-15 08:02:14,87.05,RUNNING,normal,normal,운현궁
76,veh-0001,Vehicle_0001,37.5760672,126.971363,46.66,271.12,NORMAL,2025-01-15 08:02:15,87.0,RUNNING,normal,normal,운현궁
77,veh-0001,Vehicle_0001,37.5760696,126.9712038,46.66,271.12,NORMAL,2025-01-15 08:02:16,86.94,RUNNING,normal,normal,운현궁
78,veh-0001,Vehicle_0001,37.5760721,126.9710446,46.66,271.12,NORMAL,2025-01-15 08:02:17,86.88,RUNNING,normal,normal,운현궁
79,veh-0001,Vehicle_0001,37.5760746,126.9708853,43.68,273.21,NORMAL,2025-01-15 08:02:18,86.83,RUNNING,normal,heavy,운현궁
80,veh-0001,Vehicle_0001,37.5760808,126.9707463,43.68,273.21,NORMAL,2025-01-15 08:02:19,86.78,RUNNING,normal,heavy,운현궁
81,veh-0001,Vehicle_0001,37.576087,126.9706072,43.68,273.21,NORMAL,2025-01-15 08:02:20,86.72,RUNNING,normal,heavy,운현궁
82,veh-0001,Vehicle_0001,37.5760931,126.9704682,43.68,273.21,NORMAL,2025-01-15 08:02:21,86.67,RUNNING,normal,heavy,운현궁
83,veh-0001,Vehicle_0001,37.5760993,126.9703292,46.31,271.39,NORMAL,2025-01-15 08:02:22,86.61,RUNNING,normal,normal,운현궁
84,veh-0001,Vehicle_0001,37.5761024,126.9701707,46.31,271.39,NORMAL,2025-01-15 08:02:23,86.56,RUNNING,normal,normal,운현궁
85,veh-0001,Vehicle_0001,37.5761054,126.9700122,48.94,270.0,NORMAL,2025-01-15 08:02:24,86.5,RUNNING,normal,normal,운현궁
86,veh-0001,Vehicle_0001,37.5761054,126.9698554,45.96,270.0,NORMAL,2025-01-15 08:02:25,86.44,RUNNING,normal,heavy,운현궁
87,veh-0001,Vehicle_0001,37.5761054,126.9698003,48.59,266.82,NORMAL,2025-01-15 08:02:26,86.38,RUNNING,normal,normal,운현궁
88,veh-0001,Vehicle_0001,37.5761013,126.9697073,51.22,257.95,FAST,2025-01-15 08:02:27,86.32,RUNNING,normal,normal,운현궁
89,veh-0001,Vehicle_0001,37.5760887,126.9696328,48.23,257.94,NORMAL,2025-01-15 08:02:28,86.26,RUNNING,intersection,heavy,운현궁
90,veh-0001,Vehicle_0001,37.5760545,126.9694308,45.25,231.35,NORMAL,2025-01-15 08:02:29,86.21,RUNNING,gentle_curve,normal,운현궁
91,veh-0001,Vehicle_0001,37.5759643,126.9692885,45.25,231.35,NORMAL,2025-01-15 08:02:30,86.15,RUNNING,gentle_curve,normal,운현궁
92,veh-0001,Vehicle_0001,37.5758741,126.9691462,47.88,231.23,NORMAL,2025-01-15 08:02:31,86.1,RUNNING,normal,normal,운현궁
93,veh-0001,Vehicle_0001,37.5757281,126.9689168,50.51,227.16,FAST,2025-01-15 08:02:32,86.03,RUNNING,normal,heavy,운현궁
94,veh-0001,Vehicle_0001,37.5756441,126.9688025,47.53,130.34,NORMAL,2025-01-15 08:02:33,85.98,RUNNING,curve,heavy,운현궁
95,veh-0001,Vehicle_0001,37.5756126,126.9688493,50.16,130.37,FAST,2025-01-15 08:02:34,85.92,RUNNING,normal,normal,운현궁
96,veh-0001,Vehicle_0001,37.5755775,126.9689014,52.61,123.68,FAST,2025-01-15 08:02:35,85.85,RUNNING,normal,normal,운현궁
97,veh-0001,Vehicle_0001,37.5755008,126.9690466,52.61,123.68,FAST,2025-01-15 08:02:36,85.79,RUNNING,normal,normal,운현궁
98,veh-0001,Vehicle_0001,37.5754241,126.9691919,52.61,123.68,FAST,2025-01-15 08:02:37,85.73,RUNNING,normal,normal,운현궁
99,veh-0001,Vehicle_0001,37.5753474,126.9693371,52.61,123.68,FAST,2025-01-15 08:02:38,85.67,RUNNING,normal,normal,운현궁
100,veh-0001,Vehicle_0001,37.5752707,126.9694824,52.61,123.68,FAST,2025-01-15 08:02:39,85.6,RUNNING,normal,normal,운현궁
101,veh-0001,Vehicle_0001,37.5751939,126.9696276,52.61,123.68,FAST,2025-01-15 08:02:40,85.54,RUNNING,normal,normal,운현궁
102,veh-0001,Vehicle_0001,37.5751172,126.9697729,52.61,123.68,FAST,2025-01-15 08:02:41,85.48,RUNNING,normal,normal,운현궁
103,veh-0001,Vehicle_0001,37.5750405,126.9699181,52.61,123.68,FAST,2025-01-15 08:02:42,85.42,RUNNING,normal,normal,운현궁
104,veh-0001,Vehicle_0001,37.5749638,126.9700634,52.61,123.68,FAST,2025-01-15 08:02:43,85.35,RUNNING,normal,normal,운현궁
105,veh-0001,Vehicle_0001,37.5748871,126.9702086,49.63,125.93,NORMAL,2025-01-15 08:02:44,85.29,RUNNING,normal,heavy,운현궁
106,veh-0001,Vehicle_0001,37.5747658,126.9704198,46.65,212.46,NORMAL,2025-01-15 08:02:45,85.24,RUNNING,curve,heavy,운현궁
107,veh-0001,Vehicle_0001,37.5746543,126.9703303,46.65,212.46,NORMAL,2025-01-15 08:02:46,85.18,RUNNING,curve,heavy,운현궁
108,veh-0001,Vehicle_0001,37.5745427,126.9702408,46.65,212.46,NORMAL,2025-01-15 08:02:47,85.12,RUNNING,curve,heavy,운현궁
109,veh-0001,Vehicle_0001,37.5744312,126.9701513,46.65,212.46,NORMAL,2025-01-15 08:02:48,85.07,RUNNING,curve,heavy,운현궁
110,veh-0001,Vehicle_0001,37.5743197,126.9700618,46.65,212.46,NORMAL,2025-01-15 08:02:49,85.01,RUNNING,curve,heavy,운현궁
111,veh-0001,Vehicle_0001,37.5742081,126.9699723,46.65,212.46,NORMAL,2025-01-15 08:02:50,84.95,RUNNING,curve,heavy,운현궁
112,veh-0001,Vehicle_0001,37.5740966,126.9698828,43.66,145.65,NORMAL,2025-01-15 08:02:51,84.9,RUNNING,curve,normal,운현궁
113,veh-0001,Vehicle_0001,37.5739492,126.9700099,40.68,120.96,NORMAL,2025-01-15 08:02:52,84.85,RUNNING,gentle_curve,heavy,운현궁
114,veh-0001,Vehicle_0001,37.573895,126.9701239,40.68,120.96,NORMAL,2025-01-15 08:02:53,84.8,RUNNING,gentle_curve,heavy,운현궁
115,veh-0001,Vehicle_0001,37.5738408,126.970238,40.68,120.96,NORMAL,2025-01-15 08:02:54,84.75,RUNNING,gentle_curve,heavy,운현궁
116,veh-0001,Vehicle_0001,37.5737865,126.970352,40.68,120.96,NORMAL,2025-01-15 08:02:55,84.7,RUNNING,gentle_curve,heavy,운현궁
117,veh-0001,Vehicle_0001,37.5737323,126.970466,40.71,103.08,NORMAL,2025-01-15 08:02:56,84.65,RUNNING,gentle_curve,normal,운현궁
118,veh-0001,Vehicle_0001,37.5737038,126.9706208,40.71,103.08,NORMAL,2025-01-15 08:02:57,84.6,RUNNING,gentle_curve,normal,운현궁
119,veh-0001,Vehicle_0001,37.5736752,126.9707757,40.71,103.08,NORMAL,2025-01-15 08:02:58,84.55,RUNNING,gentle_curve,normal,운현궁
120,veh-0001,Vehicle_0001,37.5736467,126.9709306,40.71,103.08,NORMAL,2025-01-15 08:02:59,84.49,RUNNING,gentle_curve,normal,운현궁
121,veh-0001,Vehicle_0001,37.5736182,126.9710854,43.34,109.37,NORMAL,2025-01-15 08:03:00,84.44,RUNNING,normal,normal,운현궁
122,veh-0001,Vehicle_0001,37.5735687,126.971263,45.97,148.11,NORMAL,2025-01-15 08:03:01,84.39,RUNNING,curve,normal,운현궁
123,veh-0001,Vehicle_0001,37.5735068,126.9713116,48.6,148.11,NORMAL,2025-01-15 08:03:02,84.33,RUNNING,normal,normal,운현궁
124,veh-0001,Vehicle_0001,37.5733938,126.9714003,48.6,148.11,NORMAL,2025-01-15 08:03:03,84.27,RUNNING,normal,normal,운현궁
125,veh-0001,Vehicle_0001,37.5732809,126.971489,48.6,148.11,NORMAL,2025-01-15 08:03:04,84.21,RUNNING,normal,normal,운현궁
126,veh-0001,Vehicle_0001,37.573168,126.9715776,48.6,148.11,NORMAL,2025-01-15 08:03:05,84.15,RUNNING,normal,normal,운현궁
127,veh-0001,Vehicle_0001,37.573055,126.9716663,45.62,328.11,NORMAL,2025-01-15 08:03:06,84.1,RUNNING,curve,normal,운현궁
128,veh-0001,Vehicle_0001,37.573168,126.9715776,45.62,328.11,NORMAL,2025-01-15 08:03:07,84.04,RUNNING,curve,normal,운현궁
129,veh-0001,Vehicle_0001,37.5732809,126.971489,45.62,328.11,NORMAL,2025-01-15 08:03:08,83.98,RUNNING,curve,normal,운현궁
130,veh-0001,Vehicle_0001,37.5733938,126.9714003,45.62,328.11,NORMAL,2025-01-15 08:03:09,83.93,RUNNING,curve,normal,운현궁
131,veh-0001,Vehicle_0001,37.5735068,126.9713116,42.63,328.11,NORMAL,2025-01-15 08:03:10,83.88,RUNNING,normal,heavy,운현궁
132,veh-0001,Vehicle_0001,37.5735687,126.971263,45.26,289.37,NORMAL,2025-01-15 08:03:11,83.82,RUNNING,curve,normal,운현궁
133,veh-0001,Vehicle_0001,37.5736182,126.9710854,42.28,283.08,NORMAL,2025-01-15 08:03:12,83.77,RUNNING,normal,heavy,운현궁
134,veh-0001,Vehicle_0001,37.5736467,126.9709306,42.28,283.08,NORMAL,2025-01-15 08:03:13,83.72,RUNNING,normal,heavy,운현궁
135,veh-0001,Vehicle_0001,37.5736752,126.9707757,42.28,283.08,NORMAL,2025-01-15 08:03:14,83.66,RUNNING,normal,heavy,운현궁
136,veh-0001,Vehicle_0001,37.5737038,126.9706208,42.28,283.08,NORMAL,2025-01-15 08:03:15,83.61,RUNNING,normal,heavy,운현궁
137,veh-0001,Vehicle_0001,37.5737323,126.970466,44.91,300.96,NORMAL,2025-01-15 08:03:16,83.56,RUNNING,gentle_curve,normal,운현궁
138,veh-0001,Vehicle_0001,37.5738046,126.970314,44.91,300.96,NORMAL,2025-01-15 08:03:17,83.5,RUNNING,gentle_curve,normal,운현궁
139,veh-0001,Vehicle_0001,37.5738769,126.9701619,44.91,300.96,NORMAL,2025-01-15 08:03:18,83.45,RUNNING,gentle_curve,normal,운현궁
140,veh-0001,Vehicle_0001,37.5739492,126.9700099,47.54,325.65,NORMAL,2025-01-15 08:03:19,83.39,RUNNING,gentle_curve,normal,운현궁
141,veh-0001,Vehicle_0001,37.5740966,126.9698828,49.37,32.46,NORMAL,2025-01-15 08:03:20,83.33,RUNNING,curve,normal,운현궁
142,veh-0001,Vehicle_0001,37.5742081,126.9699723,49.37,32.46,NORMAL,2025-01-15 08:03:21,83.27,RUNNING,curve,normal,운현궁
143,veh-0001,Vehicle_0001,37.5743197,126.9700618,49.37,32.46,NORMAL,2025-01-15 08:03:22,83.21,RUNNING,curve,normal,운현궁
144,veh-0001,Vehicle_0001,37.5744312,126.9701513,49.37,32.46,NORMAL,2025-01-15 08:03:23,83.15,RUNNING,curve,normal,운현궁
145,veh-0001,Vehicle_0001,37.5745427,126.9702408,49.37,32.46,NORMAL,2025-01-15 08:03:24,83.09,RUNNING,curve,normal,운현궁
146,veh-0001,Vehicle_0001,37.5746543,126.9703303,49.37,32.46,NORMAL,2025-01-15 08:03:25,83.03,RUNNING,curve,normal,운현궁
147,veh-0001,Vehicle_0001,37.5747658,126.9704198,51.79,305.93,FAST,2025-01-15 08:03:26,82.97,RUNNING,curve,normal,운현궁
148,veh-0001,Vehicle_0001,37.5748871,126.9702086,54.42,303.68,FAST,2025-01-15 08:03:27,82.91,RUNNING,normal,normal,운현궁
149,veh-0001,Vehicle_0001,37.5749638,126.9700634,54.42,303.68,FAST,2025-01-15 08:03:28,82.84,RUNNING,normal,normal,운현궁
150,veh-0001,Vehicle_0001,37.5750405,126.9699181,54.42,303.68,FAST,2025-01-15 08:03:29,82.78,RUNNING,normal,normal,운현궁
151,veh-0001,Vehicle_0001,37.5751172,126.9697729,54.42,303.68,FAST,2025-01-15 08:03:30,82.71,RUNNING,normal,normal,운현궁
152,veh-0001,Vehicle_0001,37.5751939,126.9696276,54.42,303.68,FAST,2025-01-15 08:03:31,82.65,RUNNING,normal,normal,운현궁
153,veh-0001,Vehicle_0001,37.5752707,126.9694824,54.42,303.68,FAST,2025-01-15 08:03:32,82.58,RUNNING,normal,normal,운현궁
154,veh-0001,Vehicle_0001,37.5753474,126.9693371,54.42,303.68,FAST,2025-01-15 08:03:33,82.52,RUNNING,normal,normal,운현궁
155,veh-0001,Vehicle_0001,37.5754241,126.9691919,54.42,303.68,FAST,2025-01-15 08:03:34,82.46,RUNNING,normal,normal,운현궁
156,veh-0001,Vehicle_0001,37.5755008,126.9690466,54.42,303.68,FAST,2025-01-15 08:03:35,82.39,RUNNING,normal,normal,운현궁
157,veh-0001,Vehicle_0001,37.5755775,126.9689014,57.05,310.37,FAST,2025-01-15 08:03:36,82.32,RUNNING,normal,normal,운현궁
158,veh-0001,Vehicle_0001,37.5756126,126.9688493,59.68,310.34,FAST,2025-01-15 08:03:37,82.25,RUNNING,normal,normal,운현궁
159,veh-0001,Vehicle_0001,37.5756441,126.9688025,56.7,227.32,FAST,2025-01-15 08:03:38,82.19,RUNNING,curve,heavy,운현궁
160,veh-0001,Vehicle_0001,37.575543,126.9686642,56.7,227.32,FAST,2025-01-15 08:03:39,82.12,RUNNING,curve,heavy,운현궁
161,veh-0001,Vehicle_0001,37.575442,126.9685259,56.7,227.32,FAST,2025-01-15 08:03:40,82.05,RUNNING,curve,heavy,운현궁
162,veh-0001,Vehicle_0001,37.5753409,126.9683876,56.7,227.32,FAST,2025-01-15 08:03:41,81.99,RUNNING,curve,heavy,운현궁
163,veh-0001,Vehicle_0001,37.5752398,126.9682493,56.7,227.32,FAST,2025-01-15 08:03:42,81.92,RUNNING,curve,heavy,운현궁
164,veh-0001,Vehicle_0001,37.5751387,126.968111,56.7,227.32,FAST,2025-01-15 08:03:43,81.85,RUNNING,curve,heavy,운현궁
165,veh-0001,Vehicle_0001,37.5750376,126.9679727,56.7,227.32,FAST,2025-01-15 08:03:44,81.79,RUNNING,curve,heavy,운현궁
166,veh-0001,Vehicle_0001,37.5749366,126.9678344,56.7,227.32,FAST,2025-01-15 08:03:45,81.72,RUNNING,curve,heavy,운현궁
167,veh-0001,Vehicle_0001,37.5748355,126.9676961,59.33,229.95,FAST,2025-01-15 08:03:46,81.65,RUNNING,normal,normal,운현궁
168,veh-0001,Vehicle_0001,37.5747109,126.967509,59.33,229.95,FAST,2025-01-15 08:03:47,81.58,RUNNING,normal,normal,운현궁
169,veh-0001,Vehicle_0001,37.5745862,126.967322,59.33,229.95,FAST,2025-01-15 08:03:48,81.51,RUNNING,normal,normal,운현궁
170,veh-0001,Vehicle_0001,37.5744616,126.9671349,56.34,247.72,FAST,2025-01-15 08:03:49,81.45,RUNNING,gentle_curve,heavy,운현궁
171,veh-0001,Vehicle_0001,37.5744046,126.9669595,56.34,247.72,FAST,2025-01-15 08:03:50,81.38,RUNNING,gentle_curve,heavy,운현궁
172,veh-0001,Vehicle_0001,37.5743477,126.966784,56.34,247.72,FAST,2025-01-15 08:03:51,81.31,RUNNING,gentle_curve,heavy,운현궁
173,veh-0001,Vehicle_0001,37.5742907,126.9666086,54.53,301.86,FAST,2025-01-15 08:03:52,81.25,RUNNING,curve,normal,운현궁
174,veh-0001,Vehicle_0001,37.5743465,126.9664953,51.54,336.1,FAST,2025-01-15 08:03:53,81.19,RUNNING,curve,heavy,운현궁
175,veh-0001,Vehicle_0001,37.5745307,126.9663923,48.56,342.85,NORMAL,2025-01-15 08:03:54,81.13,RUNNING,normal,normal,운현궁
176,veh-0001,Vehicle_0001,37.5745551,126.9663828,51.19,343.98,FAST,2025-01-15 08:03:55,81.07,RUNNING,normal,normal,운현궁
177,veh-0001,Vehicle_0001,37.5747475,126.9663131,48.21,335.47,NORMAL,2025-01-15 08:03:56,81.01,RUNNING,normal,normal,운현궁
178,veh-0001,Vehicle_0001,37.5749149,126.9662167,50.84,324.34,FAST,2025-01-15 08:03:57,80.95,RUNNING,gentle_curve,normal,운현궁
179,veh-0001,Vehicle_0001,37.57505,126.9660944,47.85,286.35,NORMAL,2025-01-15 08:03:58,80.89,RUNNING,curve,normal,운현궁
180,veh-0001,Vehicle_0001,37.5751,126.9658794,50.48,272.57,FAST,2025-01-15 08:03:59,80.83,RUNNING,gentle_curve,normal,운현궁
181,veh-0001,Vehicle_0001,37.5751058,126.9657163,53.11,256.47,FAST,2025-01-15 08:04:00,80.77,RUNNING,gentle_curve,normal,운현궁
182,veh-0001,Vehicle_0001,37.5727157,126.9784059,59.85,270.39,FAST,2025-01-15 08:02:00,72.27,RUNNING,intersection,heavy,운현궁
183,veh-0001,Vehicle_0001,37.5727168,126.9781929,59.85,270.39,FAST,2025-01-15 08:02:01,72.2,RUNNING,intersection,heavy,운현궁
184,veh-0001,Vehicle_0001,37.572718,126.9779798,59.85,270.39,FAST,2025-01-15 08:02:02,72.13,RUNNING,intersection,heavy,운현궁
185,veh-0001,Vehicle_0001,37.5727191,126.9777668,59.85,270.39,FAST,2025-01-15 08:02:03,72.06,RUNNING,intersection,heavy,운현궁
186,veh-0001,Vehicle_0001,37.5727203,126.9775537,59.85,270.39,FAST,2025-01-15 08:02:04,71.99,RUNNING,intersection,heavy,운현궁
187,veh-0001,Vehicle_0001,37.5727214,126.9773407,57.34,270.44,FAST,2025-01-15 08:02:05,71.93,RUNNING,normal,normal,운현궁
188,veh-0001,Vehicle_0001,37.5727218,126.9772744,54.82,358.17,FAST,2025-01-15 08:02:06,71.86,RUNNING,curve,normal,운현궁
189,veh-0001,Vehicle_0001,37.5729236,126.9772662,54.82,358.17,FAST,2025-01-15 08:02:07,71.8,RUNNING,curve,normal,운현궁
190,veh-0001,Vehicle_0001,37.5731253,126.9772581,57.05,358.17,FAST,2025-01-15 08:02:08,71.73,RUNNING,normal,normal,운현궁
191,veh-0001,Vehicle_0001,37.5732913,126.9772514,57.05,358.17,FAST,2025-01-15 08:02:09,71.66,RUNNING,normal,normal,운현궁
192,veh-0001,Vehicle_0001,37.5734573,126.9772447,57.05,358.17,FAST,2025-01-15 08:02:10,71.6,RUNNING,normal,normal,운현궁
193,veh-0001,Vehicle_0001,37.5736232,126.977238,57.05,358.17,FAST,2025-01-15 08:02:11,71.53,RUNNING,normal,normal,운현궁
194,veh-0001,Vehicle_0001,37.5737892,126.9772313,57.05,358.17,FAST,2025-01-15 08:02:12,71.46,RUNNING,normal,normal,운현궁
195,veh-0001,Vehicle_0001,37.5739552,126.9772246,57.05,358.17,FAST,2025-01-15 08:02:13,71.4,RUNNING,normal,normal,운현궁
196,veh-0001,Vehicle_0001,37.5741212,126.9772179,54.54,358.16,FAST,2025-01-15 08:02:14,71.33,RUNNING,normal,normal,운현궁
197,veh-0001,Vehicle_0001,37.5742838,126.9772113,54.54,358.16,FAST,2025-01-15 08:02:15,71.27,RUNNING,normal,normal,운현궁
198,veh-0001,Vehicle_0001,37.5744463,126.9772047,52.02,358.17,FAST,2025-01-15 08:02:16,71.2,RUNNING,normal,normal,운현궁
199,veh-0001,Vehicle_0001,37.5746006,126.9771985,52.02,358.17,FAST,2025-01-15 08:02:17,71.14,RUNNING,normal,normal,운현궁
200,veh-0001,Vehicle_0001,37.5747549,126.9771922,52.02,358.17,FAST,2025-01-15 08:02:18,71.08,RUNNING,normal,normal,운현궁
201,veh-0001,Vehicle_0001,37.5749092,126.977186,52.02,358.17,FAST,2025-01-15 08:02:19,71.02,RUNNING,normal,normal,운현궁
202,veh-0001,Vehicle_0001,37.5750635,126.9771798,54.25,358.19,FAST,2025-01-15 08:02:20,70.95,RUNNING,normal,normal,운현궁
203,veh-0001,Vehicle_0001,37.5751137,126.9771778,51.74,359.28,FAST,2025-01-15 08:02:21,70.89,RUNNING,normal,heavy,운현궁
204,veh-0001,Vehicle_0001,37.5751898,126.9771766,53.97,357.46,FAST,2025-01-15 08:02:22,70.83,RUNNING,normal,normal,운현궁
205,veh-0001,Vehicle_0001,37.575281,126.9771715,52.0,254.61,FAST,2025-01-15 08:02:23,70.77,RUNNING,curve,normal,운현궁
206,veh-0001,Vehicle_0001,37.575257,126.9770615,54.23,263.84,FAST,2025-01-15 08:02:24,70.7,RUNNING,normal,normal,운현궁
207,veh-0001,Vehicle_0001,37.5752447,126.9769176,56.46,274.86,FAST,2025-01-15 08:02:25,70.64,RUNNING,gentle_curve,normal,운현궁
208,veh-0001,Vehicle_0001,37.5752536,126.9767856,58.69,277.82,FAST,2025-01-15 08:02:26,70.57,RUNNING,normal,normal,운현궁
209,veh-0001,Vehicle_0001,37.5752558,126.9767654,56.17,277.64,FAST,2025-01-15 08:02:27,70.5,RUNNING,normal,heavy,운현궁
210,veh-0001,Vehicle_0001,37.5752665,126.9766648,58.4,285.77,FAST,2025-01-15 08:02:28,70.43,RUNNING,normal,normal,운현궁
211,veh-0001,Vehicle_0001,37.5752921,126.9765504,60.63,293.82,FAST,2025-01-15 08:02:29,70.36,RUNNING,normal,normal,운현궁
212,veh-0001,Vehicle_0001,37.5753303,126.9764412,58.12,301.26,FAST,2025-01-15 08:02:30,70.29,RUNNING,normal,heavy,운현궁
213,veh-0001,Vehicle_0001,37.5753812,126.9763354,60.35,305.47,FAST,2025-01-15 08:02:31,70.22,RUNNING,normal,normal,운현궁
214,veh-0001,Vehicle_0001,37.5754436,126.9762249,62.57,308.19,FAST,2025-01-15 08:02:32,70.15,RUNNING,normal,normal,운현궁
215,veh-0001,Vehicle_0001,37.5755143,126.9761115,60.06,303.86,FAST,2025-01-15 08:02:33,70.08,RUNNING,normal,heavy,운현궁
216,veh-0001,Vehicle_0001,37.5755828,126.9759827,57.55,302.13,FAST,2025-01-15 08:02:34,70.01,RUNNING,normal,normal,운현궁
217,veh-0001,Vehicle_0001,37.5756287,126.9758905,55.03,296.44,FAST,2025-01-15 08:02:35,69.95,RUNNING,normal,normal,운현궁
218,veh-0001,Vehicle_0001,37.5756635,126.9758022,57.26,292.77,FAST,2025-01-15 08:02:36,69.88,RUNNING,normal,normal,운현궁
219,veh-0001,Vehicle_0001,37.5756997,126.9756934,59.49,289.65,FAST,2025-01-15 08:02:37,69.81,RUNNING,normal,normal,운현궁
220,veh-0001,Vehicle_0001,37.5757254,126.9756026,56.98,284.44,FAST,2025-01-15 08:02:38,69.74,RUNNING,normal,normal,운현궁
221,veh-0001,Vehicle_0001,37.5757526,126.9754693,57.74,277.58,FAST,2025-01-15 08:02:39,69.68,RUNNING,normal,normal,운현궁
222,veh-0001,Vehicle_0001,37.5757666,126.9753366,59.97,272.76,FAST,2025-01-15 08:02:40,69.61,RUNNING,normal,normal,운현궁
223,veh-0001,Vehicle_0001,37.5757747,126.9751242,59.97,272.76,FAST,2025-01-15 08:02:41,69.54,RUNNING,normal,normal,운현궁
224,veh-0001,Vehicle_0001,37.5757828,126.9749118,59.97,272.76,FAST,2025-01-15 08:02:42,69.47,RUNNING,normal,normal,운현궁
225,veh-0001,Vehicle_0001,37.575791,126.9746994,59.97,272.76,FAST,2025-01-15 08:02:43,69.4,RUNNING,normal,normal,운현궁
226,veh-0001,Vehicle_0001,37.5757991,126.974487,59.97,272.76,FAST,2025-01-15 08:02:44,69.33,RUNNING,normal,normal,운현궁
227,veh-0001,Vehicle_0001,37.5758072,126.9742746,57.46,271.85,FAST,2025-01-15 08:02:45,69.26,RUNNING,normal,normal,운현궁
228,veh-0001,Vehicle_0001,37.5758159,126.9739353,59.69,270.75,FAST,2025-01-15 08:02:46,69.19,RUNNING,normal,normal,운현궁
229,veh-0001,Vehicle_0001,37.575817,126.9738298,57.17,274.22,FAST,2025-01-15 08:02:47,69.12,RUNNING,normal,heavy,운현궁
230,veh-0001,Vehicle_0001,37.5758375,126.9734794,59.4,274.34,FAST,2025-01-15 08:02:48,69.05,RUNNING,normal,normal,운현궁
231,veh-0001,Vehicle_0001,37.5758393,126.9734495,56.89,279.25,FAST,2025-01-15 08:02:49,68.99,RUNNING,normal,heavy,운현궁
232,veh-0001,Vehicle_0001,37.5758818,126.9731201,54.38,280.28,FAST,2025-01-15 08:02:50,68.92,RUNNING,normal,normal,운현궁
233,veh-0001,Vehicle_0001,37.5759014,126.9729838,56.6,279.12,FAST,2025-01-15 08:02:51,68.86,RUNNING,normal,normal,운현궁
234,veh-0001,Vehicle_0001,37.5759121,126.9728997,58.83,279.09,FAST,2025-01-15 08:02:52,68.79,RUNNING,normal,normal,운현궁
235,veh-0001,Vehicle_0001,37.5759481,126.9726159,56.32,280.89,FAST,2025-01-15 08:02:53,68.72,RUNNING,normal,normal,운현궁
236,veh-0001,Vehicle_0001,37.5759677,126.9724874,58.55,280.92,FAST,2025-01-15 08:02:54,68.65,RUNNING,normal,normal,운현궁
237,veh-0001,Vehicle_0001,37.575977,126.9724266,60.78,283.65,FAST,2025-01-15 08:02:55,68.58,RUNNING,normal,normal,운현궁
238,veh-0001,Vehicle_0001,37.5759811,126.9724053,58.26,280.6,FAST,2025-01-15 08:02:56,68.51,RUNNING,normal,normal,운현궁
239,veh-0001,Vehicle_0001,37.5760304,126.9720729,55.75,278.29,FAST,2025-01-15 08:02:57,68.45,RUNNING,normal,normal,운현궁
240,veh-0001,Vehicle_0001,37.5760407,126.9719837,57.98,276.72,FAST,2025-01-15 08:02:58,68.38,RUNNING,normal,normal,운현궁
241,veh-0001,Vehicle_0001,37.5760538,126.9718434,60.21,273.93,FAST,2025-01-15 08:02:59,68.31,RUNNING,normal,normal,운현궁
242,veh-0001,Vehicle_0001,37.5760621,126.9716908,57.69,271.12,FAST,2025-01-15 08:03:00,68.24,RUNNING,normal,normal,운현궁
243,veh-0001,Vehicle_0001,37.5760647,126.9715223,55.18,271.12,FAST,2025-01-15 08:03:01,68.18,RUNNING,normal,normal,운현궁
244,veh-0001,Vehicle_0001,37.576068,126.97131,55.18,271.12,FAST,2025-01-15 08:03:02,68.11,RUNNING,normal,normal,운현궁
245,veh-0001,Vehicle_0001,37.5760713,126.9710976,55.18,271.12,FAST,2025-01-15 08:03:03,68.05,RUNNING,normal,normal,운현궁
246,veh-0001,Vehicle_0001,37.5760746,126.9708853,52.67,273.21,FAST,2025-01-15 08:03:04,67.98,RUNNING,normal,heavy,운현궁
247,veh-0001,Vehicle_0001,37.5760828,126.9706999,52.67,273.21,FAST,2025-01-15 08:03:05,67.92,RUNNING,normal,heavy,운현궁
248,veh-0001,Vehicle_0001,37.5760911,126.9705146,52.67,273.21,FAST,2025-01-15 08:03:06,67.86,RUNNING,normal,heavy,운현궁
249,veh-0001,Vehicle_0001,37.5760993,126.9703292,54.89,271.39,FAST,2025-01-15 08:03:07,67.79,RUNNING,normal,normal,운현궁
250,veh-0001,Vehicle_0001,37.5761054,126.9700122,52.38,270.0,FAST,2025-01-15 08:03:08,67.73,RUNNING,normal,heavy,운현궁
251,veh-0001,Vehicle_0001,37.5761054,126.9698554,49.87,270.0,NORMAL,2025-01-15 08:03:09,67.67,RUNNING,normal,heavy,운현궁
252,veh-0001,Vehicle_0001,37.5761054,126.9698003,47.35,266.82,NORMAL,2025-01-15 08:03:10,67.61,RUNNING,normal,normal,운현궁
253,veh-0001,Vehicle_0001,37.5761013,126.9697073,44.84,257.95,NORMAL,2025-01-15 08:03:11,67.56,RUNNING,normal,heavy,운현궁
254,veh-0001,Vehicle_0001,37.5760887,126.9696328,42.33,257.94,NORMAL,2025-01-15 08:03:12,67.51,RUNNING,intersection,normal,운현궁
255,veh-0001,Vehicle_0001,37.5760545,126.9694308,40.0,231.35,NORMAL,2025-01-15 08:03:13,67.46,RUNNING,gentle_curve,heavy,운현궁
256,veh-0001,Vehicle_0001,37.5759643,126.9692885,40.0,231.35,NORMAL,2025-01-15 08:03:14,67.41,RUNNING,gentle_curve,heavy,운현궁
257,veh-0001,Vehicle_0001,37.5758741,126.9691462,42.23,231.23,NORMAL,2025-01-15 08:03:15,67.35,RUNNING,normal,normal,운현궁
258,veh-0001,Vehicle_0001,37.5758011,126.9690315,42.23,231.23,NORMAL,2025-01-15 08:03:16,67.3,RUNNING,normal,normal,운현궁
259,veh-0001,Vehicle_0001,37.5757281,126.9689168,44.46,227.16,NORMAL,2025-01-15 08:03:17,67.25,RUNNING,normal,normal,운현궁
260,veh-0001,Vehicle_0001,37.5756441,126.9688025,46.69,130.34,NORMAL,2025-01-15 08:03:18,67.19,RUNNING,curve,normal,운현궁
261,veh-0001,Vehicle_0001,37.5756126,126.9688493,48.91,130.37,NORMAL,2025-01-15 08:03:19,67.13,RUNNING,normal,normal,운현궁
262,veh-0001,Vehicle_0001,37.5755775,126.9689014,51.14,123.68,FAST,2025-01-15 08:03:20,67.07,RUNNING,normal,normal,운현궁
263,veh-0001,Vehicle_0001,37.5755008,126.9690466,51.14,123.68,FAST,2025-01-15 08:03:21,67.01,RUNNING,normal,normal,운현궁
264,veh-0001,Vehicle_0001,37.5754241,126.9691919,51.14,123.68,FAST,2025-01-15 08:03:22,66.95,RUNNING,normal,normal,운현궁
265,veh-0001,Vehicle_0001,37.5753474,126.9693371,51.14,123.68,FAST,2025-01-15 08:03:23,66.89,RUNNING,normal,normal,운현궁
266,veh-0001,Vehicle_0001,37.5752707,126.9694824,51.14,123.68,FAST,2025-01-15 08:03:24,66.83,RUNNING,normal,normal,운현궁
267,veh-0001,Vehicle_0001,37.5751939,126.9696276,51.14,123.68,FAST,2025-01-15 08:03:25,66.76,RUNNING,normal,normal,운현궁
268,veh-0001,Vehicle_0001,37.5751172,126.9697729,51.14,123.68,FAST,2025-01-15 08:03:26,66.7,RUNNING,normal,normal,운현궁
269,veh-0001,Vehicle_0001,37.5750405,126.9699181,51.14,123.68,FAST,2025-01-15 08:03:27,66.64,RUNNING,normal,normal,운현궁
270,veh-0001,Vehicle_0001,37.5749638,126.9700634,51.14,123.68,FAST,2025-01-15 08:03:28,66.58,RUNNING,normal,normal,운현궁
271,veh-0001,Vehicle_0001,37.5748871,126.9702086,49.92,125.93,NORMAL,2025-01-15 08:03:29,66.52,RUNNING,normal,normal,운현궁
272,veh-0001,Vehicle_0001,37.5747658,126.9704198,52.15,212.46,FAST,2025-01-15 08:03:30,66.46,RUNNING,curve,normal,운현궁
273,veh-0001,Vehicle_0001,37.5746543,126.9703303,52.15,212.46,FAST,2025-01-15 08:03:31,66.4,RUNNING,curve,normal,운현궁
274,veh-0001,Vehicle_0001,37.5745427,126.9702408,52.15,212.46,FAST,2025-01-15 08:03:32,66.33,RUNNING,curve,normal,운현궁
275,veh-0001,Vehicle_0001,37.5744312,126.9701513,52.15,212.46,FAST,2025-01-15 08:03:33,66.27,RUNNING,curve,normal,운현궁
276,veh-0001,Vehicle_0001,37.5743197,126.9700618,52.15,212.46,FAST,2025-01-15 08:03:34,66.21,RUNNING,curve,normal,운현궁
277,veh-0001,Vehicle_0001,37.5742081,126.9699723,52.15,212.46,FAST,2025-01-15 08:03:35,66.15,RUNNING,curve,normal,운현궁
278,veh-0001,Vehicle_0001,37.5740966,126.9698828,54.38,145.65,FAST,2025-01-15 08:03:36,66.08,RUNNING,curve,normal,운현궁
279,veh-0001,Vehicle_0001,37.5739492,126.9700099,51.87,120.96,FAST,2025-01-15 08:03:37,66.02,RUNNING,gentle_curve,heavy,운현궁
280,veh-0001,Vehicle_0001,37.5738769,126.9701619,51.87,120.96,FAST,2025-01-15 08:03:38,65.96,RUNNING,gentle_curve,heavy,운현궁
281,veh-0001,Vehicle_0001,37.5738046,126.970314,51.87,120.96,FAST,2025-01-15 08:03:39,65.9,RUNNING,gentle_curve,heavy,운현궁
282,veh-0001,Vehicle_0001,37.5737323,126.970466,49.35,103.08,NORMAL,2025-01-15 08:03:40,65.84,RUNNING,gentle_curve,normal,운현궁
283,veh-0001,Vehicle_0001,37.5737038,126.9706208,49.35,103.08,NORMAL,2025-01-15 08:03:41,65.78,RUNNING,gentle_curve,normal,운현궁
284,veh-0001,Vehicle_0001,37.5736752,126.9707757,49.35,103.08,NORMAL,2025-01-15 08:03:42,65.72,RUNNING,gentle_curve,normal,운현궁
285,veh-0001,Vehicle_0001,37.5736467,126.9709306,49.35,103.08,NORMAL,2025-01-15 08:03:43,65.66,RUNNING,gentle_curve,normal,운현궁
286,veh-0001,Vehicle_0001,37.5736182,126.9710854,46.84,109.37,NORMAL,2025-01-15 08:03:44,65.6,RUNNING,normal,normal,운현궁
287,veh-0001,Vehicle_0001,37.5735687,126.971263,49.07,148.11,NORMAL,2025-01-15 08:03:45,65.54,RUNNING,curve,normal,운현궁
288,veh-0001,Vehicle_0001,37.5735068,126.9713116,51.3,148.11,FAST,2025-01-15 08:03:46,65.48,RUNNING,normal,normal,운현궁
289,veh-0001,Vehicle_0001,37.5733938,126.9714003,51.3,148.11,FAST,2025-01-15 08:03:47,65.42,RUNNING,normal,normal,운현궁
290,veh-0001,Vehicle_0001,37.5732809,126.971489,51.3,148.11,FAST,2025-01-15 08:03:48,65.36,RUNNING,normal,normal,운현궁
291,veh-0001,Vehicle_0001,37.573168,126.9715776,51.3,148.11,FAST,2025-01-15 08:03:49,65.3,RUNNING,normal,normal,운현궁
292,veh-0001,Vehicle_0001,37.573055,126.9716663,48.78,328.11,NORMAL,2025-01-15 08:03:50,65.24,RUNNING,curve,normal,운현궁
293,veh-0001,Vehicle_0001,37.573168,126.9715776,48.78,328.11,NORMAL,2025-01-15 08:03:51,65.18,RUNNING,curve,normal,운현궁
294,veh-0001,Vehicle_0001,37.5732809,126.971489,48.78,328.11,NORMAL,2025-01-15 08:03:52,65.12,RUNNING,curve,normal,운현궁
295,veh-0001,Vehicle_0001,37.5733938,126.9714003,48.78,328.11,NORMAL,2025-01-15 08:03:53,65.06,RUNNING,curve,normal,운현궁
296,veh-0001,Vehicle_0001,37.5735068,126.9713116,50.03,328.11,FAST,2025-01-15 08:03:54,65.0,RUNNING,normal,normal,운현궁
297,veh-0001,Vehicle_0001,37.5735687,126.971263,47.51,289.37,NORMAL,2025-01-15 08:03:55,64.95,RUNNING,curve,heavy,운현궁
298,veh-0001,Vehicle_0001,37.5736182,126.9710854,49.74,283.08,NORMAL,2025-01-15 08:03:56,64.89,RUNNING,normal,normal,운현궁
299,veh-0001,Vehicle_0001,37.5736467,126.9709306,49.74,283.08,NORMAL,2025-01-15 08:03:57,64.83,RUNNING,normal,normal,운현궁
300,veh-0001,Vehicle_0001,37.5736752,126.9707757,49.74,283.08,NORMAL,2025-01-15 08:03:58,64.77,RUNNING,normal,normal,운현궁
301,veh-0001,Vehicle_0001,37.5737038,126.9706208,49.74,283.08,NORMAL,2025-01-15 08:03:59,64.71,RUNNING,normal,normal,운현궁
302,veh-0001,Vehicle_0001,37.5737323,126.970466,51.97,300.96,FAST,2025-01-15 08:04:00,64.65,RUNNING,gentle_curve,normal,운현궁
303,veh-0001,Vehicle_0001,37.5738046,126.970314,51.97,300.96,FAST,2025-01-15 08:04:01,64.58,RUNNING,gentle_curve,normal,운현궁
304,veh-0001,Vehicle_0001,37.5738769,126.9701619,51.97,300.96,FAST,2025-01-15 08:04:02,64.52,RUNNING,gentle_curve,normal,운현궁
305,veh-0001,Vehicle_0001,37.5739492,126.9700099,54.2,325.65,FAST,2025-01-15 08:04:03,64.46,RUNNING,gentle_curve,normal,운현궁
306,veh-0001,Vehicle_0001,37.5740966,126.9698828,51.69,32.46,FAST,2025-01-15 08:04:04,64.4,RUNNING,curve,heavy,운현궁
307,veh-0001,Vehicle_0001,37.5742081,126.9699723,51.69,32.46,FAST,2025-01-15 08:04:05,64.33,RUNNING,curve,heavy,운현궁
308,veh-0001,Vehicle_0001,37.5743197,126.9700618,51.69,32.46,FAST,2025-01-15 08:04:06,64.27,RUNNING,curve,heavy,운현궁
309,veh-0001,Vehicle_0001,37.5744312,126.9701513,51.69,32.46,FAST,2025-01-15 08:04:07,64.21,RUNNING,curve,heavy,운현궁
310,veh-0001,Vehicle_0001,37.5745427,126.9702408,51.69,32.46,FAST,2025-01-15 08:04:08,64.15,RUNNING,curve,heavy,운현궁
311,veh-0001,Vehicle_0001,37.5746543,126.9703303,51.69,32.46,FAST,2025-01-15 08:04:09,64.09,RUNNING,curve,heavy,운현궁
312,veh-0001,Vehicle_0001,37.5747658,126.9704198,49.17,305.93,NORMAL,2025-01-15 08:04:10,64.03,RUNNING,curve,heavy,운현궁
313,veh-0001,Vehicle_0001,37.5748871,126.9702086,46.66,303.68,NORMAL,2025-01-15 08:04:11,63.97,RUNNING,normal,normal,운현궁
314,veh-0001,Vehicle_0001,37.5749561,126.9700779,46.66,303.68,NORMAL,2025-01-15 08:04:12,63.91,RUNNING,normal,normal,운현궁
315,veh-0001,Vehicle_0001,37.5750252,126.9699472,46.66,303.68,NORMAL,2025-01-15 08:04:13,63.86,RUNNING,normal,normal,운현궁
316,veh-0001,Vehicle_0001,37.5750942,126.9698164,46.66,303.68,NORMAL,2025-01-15 08:04:14,63.8,RUNNING,normal,normal,운현궁
317,veh-0001,Vehicle_0001,37.5751633,126.9696857,46.66,303.68,NORMAL,2025-01-15 08:04:15,63.75,RUNNING,normal,normal,운현궁
318,veh-0001,Vehicle_0001,37.5752323,126.969555,46.66,303.68,NORMAL,2025-01-15 08:04:16,63.69,RUNNING,normal,normal,운현궁
319,veh-0001,Vehicle_0001,37.5753013,126.9694243,46.66,303.68,NORMAL,2025-01-15 08:04:17,63.63,RUNNING,normal,normal,운현궁
320,veh-0001,Vehicle_0001,37.5753704,126.9692936,46.66,303.68,NORMAL,2025-01-15 08:04:18,63.58,RUNNING,normal,normal,운현궁
321,veh-0001,Vehicle_0001,37.5754394,126.9691628,46.66,303.68,NORMAL,2025-01-15 08:04:19,63.52,RUNNING,normal,normal,운현궁
322,veh-0001,Vehicle_0001,37.5755085,126.9690321,46.66,303.68,NORMAL,2025-01-15 08:04:20,63.46,RUNNING,normal,normal,운현궁
323,veh-0001,Vehicle_0001,37.5755775,126.9689014,44.15,310.37,NORMAL,2025-01-15 08:04:21,63.41,RUNNING,normal,heavy,운현궁
324,veh-0001,Vehicle_0001,37.5756126,126.9688493,46.37,310.34,NORMAL,2025-01-15 08:04:22,63.35,RUNNING,normal,normal,운현궁
325,veh-0001,Vehicle_0001,37.5756441,126.9688025,43.86,227.32,NORMAL,2025-01-15 08:04:23,63.3,RUNNING,curve,heavy,운현궁
326,veh-0001,Vehicle_0001,37.5755632,126.9686919,43.86,227.32,NORMAL,2025-01-15 08:04:24,63.24,RUNNING,curve,heavy,운현궁
327,veh-0001,Vehicle_0001,37.5754824,126.9685812,43.86,227.32,NORMAL,2025-01-15 08:04:25,63.19,RUNNING,curve,heavy,운현궁
328,veh-0001,Vehicle_0001,37.5754015,126.9684706,43.86,227.32,NORMAL,2025-01-15 08:04:26,63.14,RUNNING,curve,heavy,운현궁
329,veh-0001,Vehicle_0001,37.5753207,126.9683599,43.86,227.32,NORMAL,2025-01-15 08:04:27,63.08,RUNNING,curve,heavy,운현궁
330,veh-0001,Vehicle_0001,37.5752398,126.9682493,43.86,227.32,NORMAL,2025-01-15 08:04:28,63.03,RUNNING,curve,heavy,운현궁
331,veh-0001,Vehicle_0001,37.5751589,126.9681387,43.86,227.32,NORMAL,2025-01-15 08:04:29,62.97,RUNNING,curve,heavy,운현궁
332,veh-0001,Vehicle_0001,37.5750781,126.968028,43.86,227.32,NORMAL,2025-01-15 08:04:30,62.92,RUNNING,curve,heavy,운현궁
333,veh-0001,Vehicle_0001,37.5749972,126.9679174,43.86,227.32,NORMAL,2025-01-15 08:04:31,62.87,RUNNING,curve,heavy,운현궁
334,veh-0001,Vehicle_0001,37.5749164,126.9678067,43.86,227.32,NORMAL,2025-01-15 08:04:32,62.81,RUNNING,curve,heavy,운현궁
335,veh-0001,Vehicle_0001,37.5748355,126.9676961,45.41,229.95,NORMAL,2025-01-15 08:04:33,62.76,RUNNING,normal,normal,운현궁
336,veh-0001,Vehicle_0001,37.5747607,126.9675839,45.41,229.95,NORMAL,2025-01-15 08:04:34,62.7,RUNNING,normal,normal,운현궁
337,veh-0001,Vehicle_0001,37.5746859,126.9674716,45.41,229.95,NORMAL,2025-01-15 08:04:35,62.65,RUNNING,normal,normal,운현궁
338,veh-0001,Vehicle_0001,37.5746112,126.9673594,45.41,229.95,NORMAL,2025-01-15 08:04:36,62.59,RUNNING,normal,normal,운현궁
339,veh-0001,Vehicle_0001,37.5745364,126.9672471,45.41,229.95,NORMAL,2025-01-15 08:04:37,62.54,RUNNING,normal,normal,운현궁
340,veh-0001,Vehicle_0001,37.5744616,126.9671349,47.64,247.72,NORMAL,2025-01-15 08:04:38,62.48,RUNNING,gentle_curve,heavy,운현궁
341,veh-0001,Vehicle_0001,37.5744046,126.9669595,47.64,247.72,NORMAL,2025-01-15 08:04:39,62.42,RUNNING,gentle_curve,heavy,운현궁
342,veh-0001,Vehicle_0001,37.5743477,126.966784,47.64,247.72,NORMAL,2025-01-15 08:04:40,62.36,RUNNING,gentle_curve,heavy,운현궁
343,veh-0001,Vehicle_0001,37.5742907,126.9666086,49.87,301.86,NORMAL,2025-01-15 08:04:41,62.3,RUNNING,curve,normal,운현궁
344,veh-0001,Vehicle_0001,37.5743465,126.9664953,47.35,336.1,NORMAL,2025-01-15 08:04:42,62.25,RUNNING,curve,heavy,운현궁
345,veh-0001,Vehicle_0001,37.5745307,126.9663923,49.58,342.85,NORMAL,2025-01-15 08:04:43,62.19,RUNNING,normal,normal,운현궁
346,veh-0001,Vehicle_0001,37.5745551,126.9663828,51.81,343.98,FAST,2025-01-15 08:04:44,62.12,RUNNING,normal,normal,운현궁
347,veh-0001,Vehicle_0001,37.5747475,126.9663131,54.04,335.47,FAST,2025-01-15 08:04:45,62.06,RUNNING,normal,normal,운현궁
348,veh-0001,Vehicle_0001,37.5749149,126.9662167,56.27,324.34,FAST,2025-01-15 08:04:46,61.99,RUNNING,gentle_curve,normal,운현궁
349,veh-0001,Vehicle_0001,37.57505,126.9660944,53.75,286.35,FAST,2025-01-15 08:04:47,61.93,RUNNING,curve,normal,운현궁
350,veh-0001,Vehicle_0001,37.5751,126.9658794,53.93,272.57,FAST,2025-01-15 08:04:48,61.87,RUNNING,gentle_curve,normal,운현궁
351,veh-0001,Vehicle_0001,37.5751058,126.9657163,53.73,256.47,FAST,2025-01-15 08:04:49,61.8,RUNNING,gentle_curve,normal,운현궁
